day,slug,focus,title,artworkKey,challenge,prompt,celebrationPrompt,quote,author,source,sourceUrl,categories
1,choice-begins,agency,Choice Begins,day-01-sacred-geometry,"With your own free will, choose one food or drink today without guilt, pressure, or a sense of should.","What did it feel like to make a choice that belonged to you, even if it was small?",What are you celebrating about your ability to choose today?,The Lord is my shepherd; I shall not want.,Bible,Psalm 23:1 (KJV),https://www.kingjamesbibleonline.org/Psalms-23-1/,scripture|peace|hope
2,naming-the-pressure,awareness,Naming the Pressure,day-02-sacred-geometry,"Write down one belief, rule, or expectation that feels imposed and why it no longer serves you.","Which outside voice has shaped you the most, and what do you want to believe instead?",What pressure did you name today that felt important to see clearly?,I can do all things through Christ which strengtheneth me.,Bible,Philippians 4:13 (KJV),https://www.kingjamesbibleonline.org/Philippians-4-13/,scripture|courage|perseverance
3,pause-before-autopilot,presence,Pause Before Autopilot,day-03-sacred-geometry,Notice one automatic habit today and pause for one breath before choosing your response.,"Where did you catch yourself on autopilot, and what changed when you paused?",What is one small pause you are proud of today?,"For God hath not given us the spirit of fear; but of power, and of love, and of a sound mind.",Bible,2 Timothy 1:7 (KJV),https://www.kingjamesbibleonline.org/2-Timothy-1-7/,scripture|courage|identity
4,i-choose-language,voice,I Choose,day-04-sacred-geometry,Practice saying “I choose” at least once today when you describe a decision or next step.,How does your body respond when you say “I choose” instead of “I have to”?,What choice felt more powerful when you named it out loud?,The joy of the Lord is your strength.,Bible,Nehemiah 8:10 (KJV),https://www.kingjamesbibleonline.org/Nehemiah-8-10/,scripture|encouragement|hope
5,want-instead,desire,What I Want Instead,day-05-sacred-geometry,"Reflect on one place where expectations have boxed you in, then write what you want instead.",What desire feels most honest for you to admit right now?,What truth about your desires are you celebrating today?,"Be still, and know that I am God.",Bible,Psalm 46:10 (KJV),https://www.kingjamesbibleonline.org/Psalms-46-10/,scripture|peace|wisdom
6,scarcity-to-generosity,abundance,Scarcity to Generosity,day-06-sacred-geometry,"Catch one scarce, constricting thought today and consciously replace it with a generous one.","What shifts when you imagine there might be enough room, enough time, or enough goodness for you too?",What abundant thought are you choosing to keep?,The Lord is nigh unto them that are of a broken heart.,Bible,Psalm 34:18 (KJV),https://www.kingjamesbibleonline.org/Psalms-34-18/,scripture|healing|hope
7,quiet-asking,inner-guidance,Quiet Asking,day-07-sacred-geometry,"Spend two quiet minutes asking yourself what you really want in this moment, without editing the answer.","What answer came up first, and what part of you wants to trust it?",What did you hear when you gave yourself quiet space today?,Commit thy way unto the Lord; trust also in him; and he shall bring it to pass.,Bible,Psalm 37:5 (KJV),https://www.kingjamesbibleonline.org/Psalms-37-5/,scripture|purpose|hope
8,future-self-kindness,care,Kindness for Future You,day-08-sacred-geometry,Do one kind thing today that clearly supports your future self.,What kind of life are you quietly building when you care for your future self?,What act of care for your future self deserves to be noticed?,"The Lord shall fight for you, and ye shall hold your peace.",Bible,Exodus 14:14 (KJV),https://www.kingjamesbibleonline.org/Exodus-14-14/,scripture|courage|peace
9,fear-to-love,courage,Fear to Love,day-09-sacred-geometry,"Identify one fear-based choice today and choose the steadier, more loving option available to you.","What did courage look like in a form that was gentle, not dramatic?",What fear did you meet with a steadier response today?,Trust in the Lord with all thine heart; and lean not unto thine own understanding.,Bible,Proverbs 3:5 (KJV),https://www.kingjamesbibleonline.org/Proverbs-3-5/,scripture|wisdom|hope
10,alive-and-grateful,gratitude,Alive and Grateful,day-10-sacred-geometry,"Write a short gratitude list focused only on what makes you feel alive, nourished, or free.","What gratitude feels most connected to your real self, not performance?",What made you feel alive enough to celebrate today?,"In all thy ways acknowledge him, and he shall direct thy paths.",Bible,Proverbs 3:6 (KJV),https://www.kingjamesbibleonline.org/Proverbs-3-6/,scripture|purpose|wisdom
11,real-self-visible,identity,Let the Real Self Show,day-11-sacred-geometry,Express one part of your real self today without shrinking or softening it.,What part of you is ready to be seen more fully?,What part of your real self showed up today?,Casting all your care upon him; for he careth for you.,Bible,1 Peter 5:7 (KJV),https://www.kingjamesbibleonline.org/1-Peter-5-7/,scripture|peace|healing
12,body-wisdom,body,Listen to the Body,day-12-sacred-geometry,"Before making one decision today, pause and notice what your body is telling you.",What did your body know before your mind explained it away?,What body wisdom are you honoring today?,The Lord is my light and my salvation; whom shall I fear?,Bible,Psalm 27:1 (KJV),https://www.kingjamesbibleonline.org/Psalms-27-1/,scripture|courage|identity
13,rewrite-the-thought,mindset,Rewrite the Thought,day-13-sacred-geometry,"Take one limiting thought and rewrite it into an honest, empowering statement.",What does a more truthful inner statement sound like for you now?,What thought did you rewrite in your favor today?,"Weeping may endure for a night, but joy cometh in the morning.",Bible,Psalm 30:5 (KJV),https://www.kingjamesbibleonline.org/Psalms-30-5/,scripture|healing|hope
14,small-win-momentum,momentum,Build on a Small Win,day-14-sacred-geometry,Celebrate one small win from yesterday and let it shape one action you take today.,What have you already done that deserves more credit than you usually give it?,Which small win are you building from today?,The steps of a good man are ordered by the Lord: and he delighteth in his way.,Bible,Psalm 37:23 (KJV),https://www.kingjamesbibleonline.org/Psalms-37-23/,scripture|purpose|wisdom
15,courageous-step,vision,One Courageous Step,day-15-sacred-geometry,Take one small but courageous action that supports your bigger vision.,What does your bigger vision ask of you in a way that still feels doable today?,What courageous step are you honoring today?,"Create in me a clean heart, O God; and renew a right spirit within me.",Bible,Psalm 51:10 (KJV),https://www.kingjamesbibleonline.org/Psalms-51-10/,scripture|healing|identity
16,should-to-choice,freedom,From Should to Choice,day-16-sacred-geometry,Catch one “should” today and replace it with “I choose to” or “I choose not to.”,Where did replacing “should” give you more honesty or relief?,What did you reclaim when you replaced a should today?,"Thy word is a lamp unto my feet, and a light unto my path.",Bible,Psalm 119:105 (KJV),https://www.kingjamesbibleonline.org/Psalms-119-105/,scripture|wisdom|purpose
17,habit-shift,change,A Small Habit Shift,day-17-sacred-geometry,Change one small habit today that keeps you stuck in autopilot.,What shift feels tiny on paper but meaningful in your spirit?,What new habit energy are you celebrating today?,This is the day which the Lord hath made; we will rejoice and be glad in it.,Bible,Psalm 118:24 (KJV),https://www.kingjamesbibleonline.org/Psalms-118-24/,scripture|encouragement|hope
18,affirm-worth,worth,Affirm Worth,day-18-sacred-geometry,Affirm your worth out loud today and notice how it changes your posture or energy.,"What words of worth feel hardest to say, and why do they matter?",What truth about your worth deserves celebration today?,"He healeth the broken in heart, and bindeth up their wounds.",Bible,Psalm 147:3 (KJV),https://www.kingjamesbibleonline.org/Psalms-147-3/,scripture|healing|hope
19,fill-yourself-first,wellbeing,Fill Yourself First,day-19-sacred-geometry,Do one thing today that fills you up before you give your energy away.,What changes when your own wellbeing becomes part of the plan?,What nourishing act are you celebrating today?,"The Lord is good unto them that wait for him, to the soul that seeketh him.",Bible,Lamentations 3:25 (KJV),https://www.kingjamesbibleonline.org/Lamentations-3-25/,scripture|perseverance|hope
20,honor-difference,uniqueness,Honor What Is Different,day-20-sacred-geometry,Honor one part of yourself that feels different instead of hiding it.,What difference in you may actually be part of your gift?,What uniqueness are you willing to celebrate today?,They that wait upon the Lord shall renew their strength.,Bible,Isaiah 40:31 (KJV),https://www.kingjamesbibleonline.org/Isaiah-40-31/,scripture|perseverance|encouragement
21,repeat-agency,agency,Repeat What Supports You,day-21-sacred-geometry,Choose a simple practice that supports your sense of agency and repeat it today.,Which supportive practice feels worth repeating because it makes you more yourself?,What steadying practice are you celebrating today?,Fear thou not; for I am with thee: be not dismayed; for I am thy God.,Bible,Isaiah 41:10 (KJV),https://www.kingjamesbibleonline.org/Isaiah-41-10/,scripture|courage|peace
22,name-the-yes,clarity,Name the Yes,day-22-sacred-geometry,"Say yes to one thing today because it is genuinely aligned, not because it is expected.",How do you know the difference between a true yes and a pressured yes?,What aligned yes are you celebrating today?,No weapon that is formed against thee shall prosper.,Bible,Isaiah 54:17 (KJV),https://www.kingjamesbibleonline.org/Isaiah-54-17/,scripture|courage|identity
23,gentle-no,boundaries,A Gentle No,day-23-sacred-geometry,Practice one gentle no today in a place where your energy needs protection.,"What boundary felt kind, honest, and necessary for you today?",What boundary are you proud of honoring today?,"Call unto me, and I will answer thee, and shew thee great and mighty things, which thou knowest not.",Bible,Jeremiah 33:3 (KJV),https://www.kingjamesbibleonline.org/Jeremiah-33-3/,scripture|hope|wisdom
24,notice-the-relief,relief,Notice the Relief,day-24-sacred-geometry,"After making one honest choice today, pause long enough to feel the relief or steadiness it creates.",What does relief teach you about what is true for you?,What relief are you willing to celebrate today?,I will restore to you the years that the locust hath eaten.,Bible,Joel 2:25 (KJV),https://www.kingjamesbibleonline.org/Joel-2-25/,scripture|healing|hope
25,permission-to-dream,possibility,Permission to Dream,day-25-sacred-geometry,Let yourself write down one desire or dream without arguing with it.,What dream becomes possible when you stop dismissing it too quickly?,What dream or desire are you honoring today?,"Seek ye first the kingdom of God, and his righteousness; and all these things shall be added unto you.",Bible,Matthew 6:33 (KJV),https://www.kingjamesbibleonline.org/Matthew-6-33/,scripture|purpose|wisdom
26,truthful-needs,truth,Speak a Need,day-26-sacred-geometry,Speak or write one need honestly today without apologizing for having it.,What need has been hardest for you to name clearly?,What need did you honor enough to say aloud today?,"Come unto me, all ye that labour and are heavy laden, and I will give you rest.",Bible,Matthew 11:28 (KJV),https://www.kingjamesbibleonline.org/Matthew-11-28/,scripture|peace|healing
27,choose-rest,rest,Choose Rest,day-27-sacred-geometry,Choose one small form of rest today on purpose instead of waiting until you are depleted.,What does chosen rest feel like compared to collapse or shutdown?,What rest are you celebrating choosing today?,With God all things are possible.,Bible,Matthew 19:26 (KJV),https://www.kingjamesbibleonline.org/Matthew-19-26/,scripture|hope|courage
28,compassionate-witness,compassion,Witness Yourself Kindly,day-28-sacred-geometry,Notice one place where you usually judge yourself and respond with compassion instead.,What changes when you become a kinder witness to your own life?,What compassionate response are you celebrating today?,"Peace I leave with you, my peace I give unto you.",Bible,John 14:27 (KJV),https://www.kingjamesbibleonline.org/John-14-27/,scripture|peace|encouragement
29,steady-step,steadiness,Choose the Steady Step,day-29-sacred-geometry,"When faced with a choice today, choose the steadier option over the more reactive one.",What helped you recognize steadiness over urgency or fear?,What steady step deserves to be seen today?,"Ye shall know the truth, and the truth shall make you free.",Bible,John 8:32 (KJV),https://www.kingjamesbibleonline.org/John-8-32/,scripture|identity|wisdom
30,receive-support,support,Receive Support,day-30-sacred-geometry,Let yourself receive one form of support today without minimizing your need for it.,What does receiving support bring up for you emotionally or spiritually?,What support are you celebrating receiving today?,"If the Son therefore shall make you free, ye shall be free indeed.",Bible,John 8:36 (KJV),https://www.kingjamesbibleonline.org/John-8-36/,scripture|identity|hope
31,aligned-environment,environment,Shape the Environment,day-31-sacred-geometry,Change one small part of your environment today so it better supports the person you are becoming.,What does your environment teach you about what you expect from yourself?,What shift in your environment feels worth celebrating?,We are more than conquerors through him that loved us.,Bible,Romans 8:37 (KJV),https://www.kingjamesbibleonline.org/Romans-8-37/,scripture|courage|identity
32,keep-the-promise,integrity,Keep One Promise,day-32-sacred-geometry,"Keep one small promise to yourself today, especially one that is easy to ignore.",How does self-trust grow when you keep even a tiny promise?,What promise to yourself are you celebrating keeping today?,Be ye transformed by the renewing of your mind.,Bible,Romans 12:2 (KJV),https://www.kingjamesbibleonline.org/Romans-12-2/,scripture|identity|healing
33,honest-self-definition,identity,Define Yourself Honestly,day-33-sacred-geometry,Write one sentence that defines who you are becoming in a way that feels honest and alive.,What identity statement feels true enough to live into now?,What truth about who you are becoming is worth celebrating?,"Walk by faith, not by sight.",Bible,2 Corinthians 5:7 (KJV),https://www.kingjamesbibleonline.org/2-Corinthians-5-7/,scripture|courage|perseverance
34,let-the-good-land,receiving,Let the Good Land,day-34-sacred-geometry,"When something good happens today, pause and let it land instead of brushing past it.",Why do you think it can be hard to fully receive what is good?,What goodness are you allowing yourself to receive today?,My grace is sufficient for thee: for my strength is made perfect in weakness.,Bible,2 Corinthians 12:9 (KJV),https://www.kingjamesbibleonline.org/2-Corinthians-12-9/,scripture|encouragement|healing
35,one-brave-conversation,expression,One Brave Conversation,day-35-sacred-geometry,Have one brave but grounded conversation today where you say what is true for you.,"What truth felt important enough to speak, even in a small way?",What brave expression are you celebrating today?,Stand fast therefore in the liberty wherewith Christ hath made us free.,Bible,Galatians 5:1 (KJV),https://www.kingjamesbibleonline.org/Galatians-5-1/,scripture|identity|perseverance
36,release-the-performance,authenticity,Release the Performance,day-36-sacred-geometry,Notice one moment today when you are tempted to perform and choose honesty over image.,What part of you relaxes when you stop performing?,What authentic moment are you celebrating today?,"Let us not be weary in well doing: for in due season we shall reap, if we faint not.",Bible,Galatians 6:9 (KJV),https://www.kingjamesbibleonline.org/Galatians-6-9/,scripture|perseverance|encouragement
37,choose-lightness,lightness,Choose Lightness,day-37-sacred-geometry,"Choose one action today that brings lightness, play, or relief back into your day.",What does lightness make possible that heaviness does not?,What lightness are you celebrating inviting in today?,"For we are his workmanship, created in Christ Jesus unto good works.",Bible,Ephesians 2:10 (KJV),https://www.kingjamesbibleonline.org/Ephesians-2-10/,scripture|identity|purpose
38,trust-the-next-step,trust,Trust the Next Step,day-38-sacred-geometry,"Take the next faithful step you can see today, even if the whole path is still unclear.",What helps you trust the next step before you can see the full outcome?,What next step are you celebrating trusting today?,"Being confident of this very thing, that he which hath begun a good work in you will perform it.",Bible,Philippians 1:6 (KJV),https://www.kingjamesbibleonline.org/Philippians-1-6/,scripture|hope|perseverance
39,honor-your-progress,recognition,Honor Your Progress,day-39-sacred-geometry,Review how you have shifted so far and name at least one way you are not who you were before.,What change in you deserves more recognition than you have given it?,What progress are you celebrating seeing clearly today?,Let the peace of God rule in your hearts.,Bible,Colossians 3:15 (KJV),https://www.kingjamesbibleonline.org/Colossians-3-15/,scripture|peace|healing
40,reclamation-blessing,integration,Reclamation Blessing,day-40-sacred-geometry,"Write a short blessing, promise, or declaration over the life you are choosing moving forward.",What do you want to carry with you from this 40-day reclamation into what comes next?,What are you celebrating as you complete this stage of the journey?,Let us run with patience the race that is set before us.,Bible,Hebrews 12:1 (KJV),https://www.kingjamesbibleonline.org/Hebrews-12-1/,scripture|perseverance|purpose
